{"cameraMode":{"drawMode":0,"name":"Shaded","section":"Shading Mode"},"sceneLighting":true,"audioPlay":false,"sceneViewState":{"m_AlwaysRefresh":false,"showFog":true,"showSkybox":true,"showFlares":true,"showImageEffects":true,"showParticleSystems":true,"showVisualEffectGraphs":true,"m_FxEnabled":true},"in2DMode":false,"pivot":{"x":0.6822911500930786,"y":1.89253830909729,"z":-6.1685333251953129},"rotation":{"x":0.19699418544769288,"y":0.10711335390806198,"z":-0.021661560982465745,"w":0.974307656288147},"size":1.0573595762252808,"orthographic":false}